<root>
  <employee>
    <employee_info>
      <start_date>2025-09-14</start_date>
      <personal_info>
        <gender>Male</gender>
        <firstname>Greyson</firstname>
        <surname>Moore</surname>
      </personal_info>
    </employee_info>
  </employee>
  <employee>
    <employee_info>
      <start_date>2025-03-16</start_date>
      <personal_info>
        <gender>Female</gender>
        <firstname>Allison</firstname>
        <surname>Moore</surname>
      </personal_info>
    </employee_info>
  </employee>
  <employee>
    <employee_info>
      <start_date>2025-02-01</start_date>
      <personal_info>
        <gender>Male</gender>
        <firstname>Ethan</firstname>
        <surname>Jackson</surname>
      </personal_info>
    </employee_info>
  </employee>
  <employee>
    <employee_info>
      <start_date>2025-10-17</start_date>
      <personal_info>
        <gender>Male</gender>
        <firstname>Jace</firstname>
        <surname>Hernandez</surname>
      </personal_info>
    </employee_info>
  </employee>
  <employee>
    <employee_info>
      <start_date>2025-11-06</start_date>
      <personal_info>
        <gender>Male</gender>
        <firstname>Isaac</firstname>
        <surname>Thomas</surname>
      </personal_info>
    </employee_info>
  </employee>
  <employee>
    <employee_info>
      <start_date>2025-11-15</start_date>
      <personal_info>
        <gender>Female</gender>
        <firstname>Autumn</firstname>
        <surname>Davis</surname>
      </personal_info>
    </employee_info>
  </employee>
  <employee>
    <employee_info>
      <start_date>2025-03-22</start_date>
      <personal_info>
        <gender>Female</gender>
        <firstname>Ariel</firstname>
        <surname>Garcia</surname>
      </personal_info>
    </employee_info>
  </employee>
  <employee>
    <employee_info>
      <start_date>2025-11-11</start_date>
      <personal_info>
        <gender>Female</gender>
        <firstname>Hazel</firstname>
        <surname>Williams</surname>
      </personal_info>
    </employee_info>
  </employee>
  <employee>
    <employee_info>
      <start_date>2025-07-13</start_date>
      <personal_info>
        <gender>Female</gender>
        <firstname>London</firstname>
        <surname>Lopez</surname>
      </personal_info>
    </employee_info>
  </employee>
  <employee>
    <employee_info>
      <start_date>2025-03-02</start_date>
      <personal_info>
        <gender>Female</gender>
        <firstname>Eleanor</firstname>
        <surname>Martin</surname>
      </personal_info>
    </employee_info>
  </employee>
  <employee>
    <employee_info>
      <start_date>2025-07-22</start_date>
      <personal_info>
        <gender>Female</gender>
        <firstname>Nevaeh</firstname>
        <surname>Wilson</surname>
      </personal_info>
    </employee_info>
  </employee>
  <employee>
    <employee_info>
      <start_date>2025-02-15</start_date>
      <personal_info>
        <gender>Female</gender>
        <firstname>Kennedy</firstname>
        <surname>Hernandez</surname>
      </personal_info>
    </employee_info>
  </employee>
  <employee>
    <employee_info>
      <start_date>2025-01-16</start_date>
      <personal_info>
        <gender>Female</gender>
        <firstname>Hailey</firstname>
        <surname>Wilson</surname>
      </personal_info>
    </employee_info>
  </employee>
  <employee>
    <employee_info>
      <start_date>2025-05-03</start_date>
      <personal_info>
        <gender>Female</gender>
        <firstname>Willow</firstname>
        <surname>Davis</surname>
      </personal_info>
    </employee_info>
  </employee>
  <employee>
    <employee_info>
      <start_date>2025-04-05</start_date>
      <personal_info>
        <gender>Male</gender>
        <firstname>Bryson</firstname>
        <surname>Hernandez</surname>
      </personal_info>
    </employee_info>
  </employee>
  <employee>
    <employee_info>
      <start_date>2025-09-03</start_date>
      <personal_info>
        <gender>Male</gender>
        <firstname>Santiago</firstname>
        <surname>Martinez</surname>
      </personal_info>
    </employee_info>
  </employee>
  <employee>
    <employee_info>
      <start_date>2024-12-13</start_date>
      <personal_info>
        <gender>Female</gender>
        <firstname>Eva</firstname>
        <surname>Thomas</surname>
      </personal_info>
    </employee_info>
  </employee>
  <employee>
    <employee_info>
      <start_date>2024-12-22</start_date>
      <personal_info>
        <gender>Male</gender>
        <firstname>Adam</firstname>
        <surname>Johnson</surname>
      </personal_info>
    </employee_info>
  </employee>
  <employee>
    <employee_info>
      <start_date>2025-06-10</start_date>
      <personal_info>
        <gender>Male</gender>
        <firstname>Hudson</firstname>
        <surname>Garcia</surname>
      </personal_info>
    </employee_info>
  </employee>
  <employee>
    <employee_info>
      <start_date>2025-10-01</start_date>
      <personal_info>
        <gender>Female</gender>
        <firstname>Isabella</firstname>
        <surname>Anderson</surname>
      </personal_info>
    </employee_info>
  </employee>
  <employee>
    <employee_info>
      <start_date>2025-11-12</start_date>
      <personal_info>
        <gender>Female</gender>
        <firstname>Gianna</firstname>
        <surname>Jackson</surname>
      </personal_info>
    </employee_info>
  </employee>
  <employee>
    <employee_info>
      <start_date>2025-03-23</start_date>
      <personal_info>
        <gender>Female</gender>
        <firstname>Bella</firstname>
        <surname>Taylor</surname>
      </personal_info>
    </employee_info>
  </employee>
  <employee>
    <employee_info>
      <start_date>2025-04-08</start_date>
      <personal_info>
        <gender>Male</gender>
        <firstname>Maxwell</firstname>
        <surname>Davis</surname>
      </personal_info>
    </employee_info>
  </employee>
  <employee>
    <employee_info>
      <start_date>2025-09-10</start_date>
      <personal_info>
        <gender>Female</gender>
        <firstname>Chloe</firstname>
        <surname>Davis</surname>
      </personal_info>
    </employee_info>
  </employee>
  <employee>
    <employee_info>
      <start_date>2025-08-17</start_date>
      <personal_info>
        <gender>Male</gender>
        <firstname>Logan</firstname>
        <surname>Martin</surname>
      </personal_info>
    </employee_info>
  </employee>
  <employee>
    <employee_info>
      <start_date>2025-09-01</start_date>
      <personal_info>
        <gender>Female</gender>
        <firstname>Bella</firstname>
        <surname>Davis</surname>
      </personal_info>
    </employee_info>
  </employee>
  <employee>
    <employee_info>
      <start_date>2024-12-26</start_date>
      <personal_info>
        <gender>Female</gender>
        <firstname>Chloe</firstname>
        <surname>Gonzalez</surname>
      </personal_info>
    </employee_info>
  </employee>
  <employee>
    <employee_info>
      <start_date>2024-12-04</start_date>
      <personal_info>
        <gender>Female</gender>
        <firstname>Luna</firstname>
        <surname>Miller</surname>
      </personal_info>
    </employee_info>
  </employee>
  <employee>
    <employee_info>
      <start_date>2025-10-06</start_date>
      <personal_info>
        <gender>Female</gender>
        <firstname>Bailey</firstname>
        <surname>Thomas</surname>
      </personal_info>
    </employee_info>
  </employee>
  <employee>
    <employee_info>
      <start_date>2025-11-20</start_date>
      <personal_info>
        <gender>Female</gender>
        <firstname>Addison</firstname>
        <surname>Davis</surname>
      </personal_info>
    </employee_info>
  </employee>
  <employee>
    <employee_info>
      <start_date>2025-09-22</start_date>
      <personal_info>
        <gender>Male</gender>
        <firstname>Brayden</firstname>
        <surname>Taylor</surname>
      </personal_info>
    </employee_info>
  </employee>
  <employee>
    <employee_info>
      <start_date>2025-03-01</start_date>
      <personal_info>
        <gender>Male</gender>
        <firstname>Wesley</firstname>
        <surname>Thomas</surname>
      </personal_info>
    </employee_info>
  </employee>
  <employee>
    <employee_info>
      <start_date>2025-04-24</start_date>
      <personal_info>
        <gender>Female</gender>
        <firstname>Autumn</firstname>
        <surname>Smith</surname>
      </personal_info>
    </employee_info>
  </employee>
  <employee>
    <employee_info>
      <start_date>2025-06-15</start_date>
      <personal_info>
        <gender>Male</gender>
        <firstname>Ethan</firstname>
        <surname>Gonzalez</surname>
      </personal_info>
    </employee_info>
  </employee>
  <employee>
    <employee_info>
      <start_date>2024-12-16</start_date>
      <personal_info>
        <gender>Male</gender>
        <firstname>Connor</firstname>
        <surname>Garcia</surname>
      </personal_info>
    </employee_info>
  </employee>
  <employee>
    <employee_info>
      <start_date>2024-12-30</start_date>
      <personal_info>
        <gender>Female</gender>
        <firstname>Autumn</firstname>
        <surname>Rodriguez</surname>
      </personal_info>
    </employee_info>
  </employee>
  <employee>
    <employee_info>
      <start_date>2025-05-06</start_date>
      <personal_info>
        <gender>Male</gender>
        <firstname>Robert</firstname>
        <surname>Anderson</surname>
      </personal_info>
    </employee_info>
  </employee>
  <employee>
    <employee_info>
      <start_date>2025-10-30</start_date>
      <personal_info>
        <gender>Male</gender>
        <firstname>Vincent</firstname>
        <surname>Gonzalez</surname>
      </personal_info>
    </employee_info>
  </employee>
  <employee>
    <employee_info>
      <start_date>2025-06-30</start_date>
      <personal_info>
        <gender>Male</gender>
        <firstname>Anthony</firstname>
        <surname>Jackson</surname>
      </personal_info>
    </employee_info>
  </employee>
  <employee>
    <employee_info>
      <start_date>2025-07-29</start_date>
      <personal_info>
        <gender>Male</gender>
        <firstname>Braxton</firstname>
        <surname>Anderson</surname>
      </personal_info>
    </employee_info>
  </employee>
  <employee>
    <employee_info>
      <start_date>2025-10-26</start_date>
      <personal_info>
        <gender>Male</gender>
        <firstname>Jameson</firstname>
        <surname>Martin</surname>
      </personal_info>
    </employee_info>
  </employee>
  <employee>
    <employee_info>
      <start_date>2025-08-22</start_date>
      <personal_info>
        <gender>Female</gender>
        <firstname>Josephine</firstname>
        <surname>Wilson</surname>
      </personal_info>
    </employee_info>
  </employee>
  <employee>
    <employee_info>
      <start_date>2025-11-12</start_date>
      <personal_info>
        <gender>Male</gender>
        <firstname>Kaiden</firstname>
        <surname>Taylor</surname>
      </personal_info>
    </employee_info>
  </employee>
  <employee>
    <employee_info>
      <start_date>2025-08-14</start_date>
      <personal_info>
        <gender>Female</gender>
        <firstname>Abigail</firstname>
        <surname>Anderson</surname>
      </personal_info>
    </employee_info>
  </employee>
  <employee>
    <employee_info>
      <start_date>2025-10-20</start_date>
      <personal_info>
        <gender>Female</gender>
        <firstname>Kimberly</firstname>
        <surname>Martinez</surname>
      </personal_info>
    </employee_info>
  </employee>
  <employee>
    <employee_info>
      <start_date>2025-06-26</start_date>
      <personal_info>
        <gender>Male</gender>
        <firstname>Caleb</firstname>
        <surname>Williams</surname>
      </personal_info>
    </employee_info>
  </employee>
  <employee>
    <employee_info>
      <start_date>2025-06-02</start_date>
      <personal_info>
        <gender>Male</gender>
        <firstname>David</firstname>
        <surname>Martin</surname>
      </personal_info>
    </employee_info>
  </employee>
  <employee>
    <employee_info>
      <start_date>2025-03-29</start_date>
      <personal_info>
        <gender>Female</gender>
        <firstname>Taylor</firstname>
        <surname>Rodriguez</surname>
      </personal_info>
    </employee_info>
  </employee>
  <employee>
    <employee_info>
      <start_date>2025-11-13</start_date>
      <personal_info>
        <gender>Female</gender>
        <firstname>Madison</firstname>
        <surname>Lopez</surname>
      </personal_info>
    </employee_info>
  </employee>
  <employee>
    <employee_info>
      <start_date>2025-04-21</start_date>
      <personal_info>
        <gender>Female</gender>
        <firstname>Aaliyah</firstname>
        <surname>Moore</surname>
      </personal_info>
    </employee_info>
  </employee>
  <employee>
    <employee_info>
      <start_date>2025-02-12</start_date>
      <personal_info>
        <gender>Female</gender>
        <firstname>Kimberly</firstname>
        <surname>Johnson</surname>
      </personal_info>
    </employee_info>
  </employee>
  <employee>
    <employee_info>
      <start_date>2025-03-22</start_date>
      <personal_info>
        <gender>Female</gender>
        <firstname>Brielle</firstname>
        <surname>Smith</surname>
      </personal_info>
    </employee_info>
  </employee>
  <employee>
    <employee_info>
      <start_date>2025-07-27</start_date>
      <personal_info>
        <gender>Female</gender>
        <firstname>Hannah</firstname>
        <surname>Martin</surname>
      </personal_info>
    </employee_info>
  </employee>
  <employee>
    <employee_info>
      <start_date>2025-04-19</start_date>
      <personal_info>
        <gender>Female</gender>
        <firstname>Peyton</firstname>
        <surname>Anderson</surname>
      </personal_info>
    </employee_info>
  </employee>
  <employee>
    <employee_info>
      <start_date>2025-09-10</start_date>
      <personal_info>
        <gender>Male</gender>
        <firstname>Cooper</firstname>
        <surname>Moore</surname>
      </personal_info>
    </employee_info>
  </employee>
  <employee>
    <employee_info>
      <start_date>2025-04-09</start_date>
      <personal_info>
        <gender>Female</gender>
        <firstname>Morgan</firstname>
        <surname>Moore</surname>
      </personal_info>
    </employee_info>
  </employee>
  <employee>
    <employee_info>
      <start_date>2025-06-20</start_date>
      <personal_info>
        <gender>Male</gender>
        <firstname>Jace</firstname>
        <surname>Taylor</surname>
      </personal_info>
    </employee_info>
  </employee>
  <employee>
    <employee_info>
      <start_date>2025-03-14</start_date>
      <personal_info>
        <gender>Male</gender>
        <firstname>Cameron</firstname>
        <surname>Miller</surname>
      </personal_info>
    </employee_info>
  </employee>
  <employee>
    <employee_info>
      <start_date>2025-08-05</start_date>
      <personal_info>
        <gender>Male</gender>
        <firstname>Christopher</firstname>
        <surname>Johnson</surname>
      </personal_info>
    </employee_info>
  </employee>
  <employee>
    <employee_info>
      <start_date>2025-04-20</start_date>
      <personal_info>
        <gender>Female</gender>
        <firstname>Brooklyn</firstname>
        <surname>Smith</surname>
      </personal_info>
    </employee_info>
  </employee>
  <employee>
    <employee_info>
      <start_date>2024-12-30</start_date>
      <personal_info>
        <gender>Male</gender>
        <firstname>Joseph</firstname>
        <surname>Gonzalez</surname>
      </personal_info>
    </employee_info>
  </employee>
  <employee>
    <employee_info>
      <start_date>2025-03-13</start_date>
      <personal_info>
        <gender>Female</gender>
        <firstname>Stella</firstname>
        <surname>Davis</surname>
      </personal_info>
    </employee_info>
  </employee>
  <employee>
    <employee_info>
      <start_date>2025-02-04</start_date>
      <personal_info>
        <gender>Male</gender>
        <firstname>Brody</firstname>
        <surname>Davis</surname>
      </personal_info>
    </employee_info>
  </employee>
  <employee>
    <employee_info>
      <start_date>2025-04-04</start_date>
      <personal_info>
        <gender>Male</gender>
        <firstname>Alexander</firstname>
        <surname>Gonzalez</surname>
      </personal_info>
    </employee_info>
  </employee>
  <employee>
    <employee_info>
      <start_date>2025-08-28</start_date>
      <personal_info>
        <gender>Female</gender>
        <firstname>Arianna</firstname>
        <surname>Hernandez</surname>
      </personal_info>
    </employee_info>
  </employee>
  <employee>
    <employee_info>
      <start_date>2025-10-12</start_date>
      <personal_info>
        <gender>Female</gender>
        <firstname>Isabelle</firstname>
        <surname>Anderson</surname>
      </personal_info>
    </employee_info>
  </employee>
  <employee>
    <employee_info>
      <start_date>2025-05-04</start_date>
      <personal_info>
        <gender>Male</gender>
        <firstname>Leonardo</firstname>
        <surname>Miller</surname>
      </personal_info>
    </employee_info>
  </employee>
  <employee>
    <employee_info>
      <start_date>2025-07-20</start_date>
      <personal_info>
        <gender>Female</gender>
        <firstname>Brielle</firstname>
        <surname>Smith</surname>
      </personal_info>
    </employee_info>
  </employee>
  <employee>
    <employee_info>
      <start_date>2025-03-20</start_date>
      <personal_info>
        <gender>Male</gender>
        <firstname>Ivan</firstname>
        <surname>Smith</surname>
      </personal_info>
    </employee_info>
  </employee>
  <employee>
    <employee_info>
      <start_date>2025-05-05</start_date>
      <personal_info>
        <gender>Female</gender>
        <firstname>Amelia</firstname>
        <surname>Davis</surname>
      </personal_info>
    </employee_info>
  </employee>
  <employee>
    <employee_info>
      <start_date>2025-05-15</start_date>
      <personal_info>
        <gender>Male</gender>
        <firstname>Austin</firstname>
        <surname>Wilson</surname>
      </personal_info>
    </employee_info>
  </employee>
  <employee>
    <employee_info>
      <start_date>2024-12-18</start_date>
      <personal_info>
        <gender>Female</gender>
        <firstname>Ava</firstname>
        <surname>Jackson</surname>
      </personal_info>
    </employee_info>
  </employee>
  <employee>
    <employee_info>
      <start_date>2025-02-22</start_date>
      <personal_info>
        <gender>Female</gender>
        <firstname>Elena</firstname>
        <surname>Moore</surname>
      </personal_info>
    </employee_info>
  </employee>
  <employee>
    <employee_info>
      <start_date>2025-05-16</start_date>
      <personal_info>
        <gender>Female</gender>
        <firstname>Brianna</firstname>
        <surname>Moore</surname>
      </personal_info>
    </employee_info>
  </employee>
  <employee>
    <employee_info>
      <start_date>2025-11-11</start_date>
      <personal_info>
        <gender>Male</gender>
        <firstname>Ezra</firstname>
        <surname>Williams</surname>
      </personal_info>
    </employee_info>
  </employee>
  <employee>
    <employee_info>
      <start_date>2025-01-24</start_date>
      <personal_info>
        <gender>Female</gender>
        <firstname>Ashley</firstname>
        <surname>Jones</surname>
      </personal_info>
    </employee_info>
  </employee>
  <employee>
    <employee_info>
      <start_date>2025-07-07</start_date>
      <personal_info>
        <gender>Male</gender>
        <firstname>Kaiden</firstname>
        <surname>Lopez</surname>
      </personal_info>
    </employee_info>
  </employee>
  <employee>
    <employee_info>
      <start_date>2025-06-02</start_date>
      <personal_info>
        <gender>Male</gender>
        <firstname>Jeremiah</firstname>
        <surname>Taylor</surname>
      </personal_info>
    </employee_info>
  </employee>
  <employee>
    <employee_info>
      <start_date>2025-04-28</start_date>
      <personal_info>
        <gender>Male</gender>
        <firstname>Micah</firstname>
        <surname>Martin</surname>
      </personal_info>
    </employee_info>
  </employee>
  <employee>
    <employee_info>
      <start_date>2025-05-31</start_date>
      <personal_info>
        <gender>Female</gender>
        <firstname>Hannah</firstname>
        <surname>Williams</surname>
      </personal_info>
    </employee_info>
  </employee>
  <employee>
    <employee_info>
      <start_date>2025-02-28</start_date>
      <personal_info>
        <gender>Male</gender>
        <firstname>Noah</firstname>
        <surname>Garcia</surname>
      </personal_info>
    </employee_info>
  </employee>
  <employee>
    <employee_info>
      <start_date>2025-07-19</start_date>
      <personal_info>
        <gender>Male</gender>
        <firstname>Easton</firstname>
        <surname>Gonzalez</surname>
      </personal_info>
    </employee_info>
  </employee>
  <employee>
    <employee_info>
      <start_date>2025-09-24</start_date>
      <personal_info>
        <gender>Male</gender>
        <firstname>Eli</firstname>
        <surname>Rodriguez</surname>
      </personal_info>
    </employee_info>
  </employee>
  <employee>
    <employee_info>
      <start_date>2025-07-19</start_date>
      <personal_info>
        <gender>Female</gender>
        <firstname>Brielle</firstname>
        <surname>Wilson</surname>
      </personal_info>
    </employee_info>
  </employee>
  <employee>
    <employee_info>
      <start_date>2025-04-11</start_date>
      <personal_info>
        <gender>Female</gender>
        <firstname>Aurora</firstname>
        <surname>Hernandez</surname>
      </personal_info>
    </employee_info>
  </employee>
  <employee>
    <employee_info>
      <start_date>2025-02-17</start_date>
      <personal_info>
        <gender>Female</gender>
        <firstname>Aubree</firstname>
        <surname>Miller</surname>
      </personal_info>
    </employee_info>
  </employee>
  <employee>
    <employee_info>
      <start_date>2025-10-05</start_date>
      <personal_info>
        <gender>Female</gender>
        <firstname>Avery</firstname>
        <surname>Williams</surname>
      </personal_info>
    </employee_info>
  </employee>
  <employee>
    <employee_info>
      <start_date>2025-09-10</start_date>
      <personal_info>
        <gender>Female</gender>
        <firstname>Madelyn</firstname>
        <surname>Johnson</surname>
      </personal_info>
    </employee_info>
  </employee>
  <employee>
    <employee_info>
      <start_date>2025-09-04</start_date>
      <personal_info>
        <gender>Male</gender>
        <firstname>Adrian</firstname>
        <surname>Martin</surname>
      </personal_info>
    </employee_info>
  </employee>
  <employee>
    <employee_info>
      <start_date>2024-12-16</start_date>
      <personal_info>
        <gender>Male</gender>
        <firstname>Samuel</firstname>
        <surname>Martin</surname>
      </personal_info>
    </employee_info>
  </employee>
  <employee>
    <employee_info>
      <start_date>2025-05-24</start_date>
      <personal_info>
        <gender>Female</gender>
        <firstname>Skylar</firstname>
        <surname>Gonzalez</surname>
      </personal_info>
    </employee_info>
  </employee>
  <employee>
    <employee_info>
      <start_date>2025-11-11</start_date>
      <personal_info>
        <gender>Male</gender>
        <firstname>Kayden</firstname>
        <surname>Brown</surname>
      </personal_info>
    </employee_info>
  </employee>
  <employee>
    <employee_info>
      <start_date>2025-08-20</start_date>
      <personal_info>
        <gender>Female</gender>
        <firstname>Jade</firstname>
        <surname>Gonzalez</surname>
      </personal_info>
    </employee_info>
  </employee>
  <employee>
    <employee_info>
      <start_date>2025-06-05</start_date>
      <personal_info>
        <gender>Female</gender>
        <firstname>Ava</firstname>
        <surname>Jackson</surname>
      </personal_info>
    </employee_info>
  </employee>
  <employee>
    <employee_info>
      <start_date>2025-07-08</start_date>
      <personal_info>
        <gender>Male</gender>
        <firstname>Micah</firstname>
        <surname>Jones</surname>
      </personal_info>
    </employee_info>
  </employee>
  <employee>
    <employee_info>
      <start_date>2025-02-16</start_date>
      <personal_info>
        <gender>Female</gender>
        <firstname>Addison</firstname>
        <surname>Davis</surname>
      </personal_info>
    </employee_info>
  </employee>
  <employee>
    <employee_info>
      <start_date>2025-07-01</start_date>
      <personal_info>
        <gender>Female</gender>
        <firstname>Rylee</firstname>
        <surname>Miller</surname>
      </personal_info>
    </employee_info>
  </employee>
  <employee>
    <employee_info>
      <start_date>2025-08-13</start_date>
      <personal_info>
        <gender>Female</gender>
        <firstname>Skylar</firstname>
        <surname>Anderson</surname>
      </personal_info>
    </employee_info>
  </employee>
  <employee>
    <employee_info>
      <start_date>2025-08-05</start_date>
      <personal_info>
        <gender>Female</gender>
        <firstname>Margaret</firstname>
        <surname>Miller</surname>
      </personal_info>
    </employee_info>
  </employee>
  <employee>
    <employee_info>
      <start_date>2024-12-09</start_date>
      <personal_info>
        <gender>Female</gender>
        <firstname>Teagan</firstname>
        <surname>Hernandez</surname>
      </personal_info>
    </employee_info>
  </employee>
</root>